learning_rate,batch_size,dropout,weight_decay,num_layers,hidden_size,"f1_t
",f1_Accuracy,f1_AUC,f1_Precision,f1_Recall,f1_Specificity,f1_F1,"j_t
",j_Accuracy,j_AUC,j_Precision,j_Recall,j_Specificity,j_F1,"roc_t
",roc_Accuracy,roc_AUC,roc_Precision,roc_Recall,roc_Specificity,roc_F1
0.0001,2,0.1,0.0001,1,64,0.0,0.0476190485060215,0.5,0.0476190485060215,1.0,0.0,0.09090909361839294,0.25523582100868225,0.5,0.737500011920929,0.08695652335882187,1.0,0.4749999940395355,0.1599999964237213,0.25682079792022705,0.9047619104385376,0.7124999761581421,0.25,0.5,0.925000011920929,0.3333333432674408
0.0001,2,0.1,0.0001,1,128,0.0,0.0476190485060215,0.5,0.0476190485060215,1.0,0.0,0.09090909361839294,0.39359185099601746,0.7857142686843872,0.6499999761581421,0.1111111119389534,0.5,0.800000011920929,0.1818181872367859,0.3952043056488037,0.9047619104385376,0.7124999761581421,0.25,0.5,0.925000011920929,0.3333333432674408
0.0001,2,0.1,0.0001,1,256,0.0,0.0476190485060215,0.5,0.0476190485060215,1.0,0.0,0.09090909361839294,0.47783252596855164,0.5476190447807312,0.5249999761581421,0.05263157933950424,0.5,0.550000011920929,0.095238097012043,0.4793558120727539,0.8333333134651184,0.4375,0.0,0.0,0.875,
0.0001,2,0.1,0.0001,2,64,0.550000011920929,0.9523809552192688,0.5,,0.0,1.0,,0.5319613814353943,0.9523809552192688,0.5,,0.0,1.0,,0.5243560075759888,0.7142857313156128,0.375,0.0,0.0,0.75,
0.0001,2,0.1,0.0001,2,128,0.0,0.0476190485060215,0.5,0.0476190485060215,1.0,0.0,0.09090909361839294,0.46875128149986267,0.6904761791229248,0.6000000238418579,0.07692307978868484,0.5,0.699999988079071,0.13333334028720856,0.468937486410141,0.7857142686843872,0.6499999761581421,0.1111111119389534,0.5,0.800000011920929,0.1818181872367859
0.0001,2,0.1,0.0001,2,256,0.0,0.0476190485060215,0.5,0.0476190485060215,1.0,0.0,0.09090909361839294,0.4112359583377838,0.4285714328289032,0.699999988079071,0.07692307978868484,1.0,0.4000000059604645,0.1428571492433548,0.4114001989364624,0.5952380895614624,0.7875000238418579,0.10526315867900848,1.0,0.574999988079071,0.190476194024086
0.0001,2,0.1,0.001,1,64,0.0,0.0476190485060215,0.5,0.0476190485060215,1.0,0.0,0.09090909361839294,0.44261232018470764,0.0476190485060215,0.5,0.0476190485060215,1.0,0.0,0.09090909361839294,0.44344860315322876,0.095238097012043,0.2874999940395355,0.02631578966975212,0.5,0.07500000298023224,0.05000000074505806
0.0001,2,0.1,0.001,1,128,0.0,0.0476190485060215,0.5,0.0476190485060215,1.0,0.0,0.09090909361839294,0.4354912340641022,0.4047619104385376,0.44999998807907104,0.03999999910593033,0.5,0.4000000059604645,0.07407407462596893,0.4378516972064972,0.761904776096344,0.637499988079071,0.10000000149011612,0.5,0.7749999761581421,0.1666666716337204
0.0001,2,0.1,0.001,1,256,0.0,0.0476190485060215,0.5,0.0476190485060215,1.0,0.0,0.09090909361839294,0.49009400606155396,0.190476194024086,0.3375000059604645,0.029411764815449715,0.5,0.17499999701976776,0.0555555559694767,0.4908052682876587,0.1666666716337204,0.08749999850988388,0.0,0.0,0.17499999701976776,
0.0001,2,0.1,0.001,2,64,0.0,0.0476190485060215,0.5,0.0476190485060215,1.0,0.0,0.09090909361839294,0.38362008333206177,0.9047619104385376,0.7124999761581421,0.25,0.5,0.925000011920929,0.3333333432674408,0.38362008333206177,0.9047619104385376,0.7124999761581421,0.25,0.5,0.925000011920929,0.3333333432674408
0.0001,2,0.1,0.001,2,128,0.0,0.0476190485060215,0.5,0.0476190485060215,1.0,0.0,0.09090909361839294,0.4529903829097748,0.9523809552192688,0.737500011920929,0.5,0.5,0.9750000238418579,0.5,0.4530298113822937,0.9523809552192688,0.737500011920929,0.5,0.5,0.9750000238418579,0.5
0.0001,2,0.1,0.001,2,256,0.0,0.0476190485060215,0.5,0.0476190485060215,1.0,0.0,0.09090909361839294,0.4297321140766144,0.6666666865348816,0.5874999761581421,0.0714285746216774,0.5,0.675000011920929,0.125,0.42930132150650024,0.380952388048172,0.675000011920929,0.0714285746216774,1.0,0.3499999940395355,0.13333334028720856
0.0001,2,0.3,0.0001,1,64,0.0,0.0476190485060215,0.5,0.0476190485060215,1.0,0.0,0.09090909361839294,0.4742283821105957,0.9047619104385376,0.7124999761581421,0.25,0.5,0.925000011920929,0.3333333432674408,0.4708854556083679,0.6904761791229248,0.8374999761581421,0.13333334028720856,1.0,0.675000011920929,0.23529411852359772
0.0001,2,0.3,0.0001,1,128,0.0,0.0476190485060215,0.5,0.0476190485060215,1.0,0.0,0.09090909361839294,0.32323816418647766,0.8809523582458496,0.4625000059604645,0.0,0.0,0.925000011920929,,0.32363155484199524,0.9047619104385376,0.4749999940395355,0.0,0.0,0.949999988079071,
0.0001,2,0.3,0.0001,1,256,0.0,0.0476190485060215,0.5,0.0476190485060215,1.0,0.0,0.09090909361839294,0.3758668899536133,0.4523809552192688,0.7124999761581421,0.07999999821186066,1.0,0.42500001192092896,0.14814814925193787,0.3764563202857971,0.738095223903656,0.862500011920929,0.1538461595773697,1.0,0.7250000238418579,0.2666666805744171
0.0001,2,0.3,0.0001,2,64,0.0,0.0476190485060215,0.5,0.0476190485060215,1.0,0.0,0.09090909361839294,0.13879407942295074,0.3095238208770752,0.637499988079071,0.06451612710952759,1.0,0.2750000059604645,0.12121212482452393,0.13943253457546234,0.4761904776096344,0.48750001192092896,0.04545454680919647,0.5,0.4749999940395355,0.0833333358168602
0.0001,2,0.3,0.0001,2,128,0.0,0.0476190485060215,0.5,0.0476190485060215,1.0,0.0,0.09090909361839294,0.40810874104499817,0.4523809552192688,0.4749999940395355,0.043478261679410934,0.5,0.44999998807907104,0.07999999821186066,0.40842247009277344,0.738095223903656,0.625,0.09090909361839294,0.5,0.75,0.1538461595773697
0.0001,2,0.3,0.0001,2,256,0.0,0.0476190485060215,0.5,0.0476190485060215,1.0,0.0,0.09090909361839294,0.11390525102615356,0.8809523582458496,0.699999988079071,0.20000000298023224,0.5,0.8999999761581421,0.2857142984867096,0.11397714167833328,0.9047619104385376,0.7124999761581421,0.25,0.5,0.925000011920929,0.3333333432674408
0.0001,2,0.3,0.001,1,64,0.3499999940395355,0.2857142984867096,0.38749998807907104,0.03333333507180214,0.5,0.2750000059604645,0.0625,0.34979933500289917,0.2142857164144516,0.5874999761581421,0.05714285746216774,1.0,0.17499999701976776,0.10810811072587967,0.35252639651298523,0.9047619104385376,0.4749999940395355,0.0,0.0,0.949999988079071,
0.0001,2,0.3,0.001,1,128,0.0,0.0476190485060215,0.5,0.0476190485060215,1.0,0.0,0.09090909361839294,0.3217182457447052,0.5476190447807312,0.5249999761581421,0.05263157933950424,0.5,0.550000011920929,0.095238097012043,0.3245862126350403,0.8571428656578064,0.44999998807907104,0.0,0.0,0.8999999761581421,
0.0001,2,0.3,0.001,1,256,0.0,0.0476190485060215,0.5,0.0476190485060215,1.0,0.0,0.09090909361839294,0.341342955827713,0.7857142686843872,0.4124999940395355,0.0,0.0,0.824999988079071,,0.341342955827713,0.7857142686843872,0.4124999940395355,0.0,0.0,0.824999988079071,
0.0001,2,0.3,0.001,2,64,0.0,0.0476190485060215,0.5,0.0476190485060215,1.0,0.0,0.09090909361839294,0.467062771320343,0.3095238208770752,0.637499988079071,0.06451612710952759,1.0,0.2750000059604645,0.12121212482452393,0.467062771320343,0.3095238208770752,0.637499988079071,0.06451612710952759,1.0,0.2750000059604645,0.12121212482452393
0.0001,2,0.3,0.001,2,128,0.0,0.0476190485060215,0.5,0.0476190485060215,1.0,0.0,0.09090909361839294,0.5186903476715088,0.9523809552192688,0.5,,0.0,1.0,,0.5186903476715088,0.9523809552192688,0.5,,0.0,1.0,
0.0001,2,0.3,0.001,2,256,0.0,0.0476190485060215,0.5,0.0476190485060215,1.0,0.0,0.09090909361839294,0.0302241463214159,0.523809552192688,0.512499988079071,0.05000000074505806,0.5,0.5249999761581421,0.09090909361839294,0.0332929752767086,0.8571428656578064,0.44999998807907104,0.0,0.0,0.8999999761581421,
0.0001,2,0.5,0.0001,1,64,0.0,0.0476190485060215,0.5,0.0476190485060215,1.0,0.0,0.09090909361839294,0.5025415420532227,0.5714285969734192,0.5375000238418579,0.0555555559694767,0.5,0.574999988079071,0.10000000149011612,0.5029301643371582,0.738095223903656,0.625,0.09090909361839294,0.5,0.75,0.1538461595773697
0.0001,2,0.5,0.0001,1,128,0.44999998807907104,0.8571428656578064,0.6875,0.1666666716337204,0.5,0.875,0.25,0.4490889608860016,0.7857142686843872,0.6499999761581421,0.1111111119389534,0.5,0.800000011920929,0.1818181872367859,0.4490889608860016,0.7857142686843872,0.6499999761581421,0.1111111119389534,0.5,0.800000011920929,0.1818181872367859
0.0001,2,0.5,0.0001,1,256,0.0,0.0476190485060215,0.5,0.0476190485060215,1.0,0.0,0.09090909361839294,0.4277404248714447,0.8809523582458496,0.699999988079071,0.20000000298023224,0.5,0.8999999761581421,0.2857142984867096,0.42871150374412537,0.9047619104385376,0.7124999761581421,0.25,0.5,0.925000011920929,0.3333333432674408
0.0001,2,0.5,0.0001,2,64,0.0,0.0476190485060215,0.5,0.0476190485060215,1.0,0.0,0.09090909361839294,0.41943082213401794,0.761904776096344,0.637499988079071,0.10000000149011612,0.5,0.7749999761581421,0.1666666716337204,0.41969338059425354,0.8333333134651184,0.675000011920929,0.1428571492433548,0.5,0.8500000238418579,0.2222222238779068
0.0001,2,0.5,0.0001,2,128,0.0,0.0476190485060215,0.5,0.0476190485060215,1.0,0.0,0.09090909361839294,0.06572756916284561,0.5476190447807312,0.762499988079071,0.095238097012043,1.0,0.5249999761581421,0.17391304671764374,0.0666835606098175,0.8333333134651184,0.675000011920929,0.1428571492433548,0.5,0.8500000238418579,0.2222222238779068
0.0001,2,0.5,0.0001,2,256,0.0,0.0476190485060215,0.5,0.0476190485060215,1.0,0.0,0.09090909361839294,0.416466623544693,0.8571428656578064,0.6875,0.1666666716337204,0.5,0.875,0.25,0.416466623544693,0.8571428656578064,0.6875,0.1666666716337204,0.5,0.875,0.25
0.0001,2,0.5,0.001,1,64,0.0,0.0476190485060215,0.5,0.0476190485060215,1.0,0.0,0.09090909361839294,0.3842123746871948,0.3095238208770752,0.4000000059604645,0.03448275849223137,0.5,0.30000001192092896,0.06451612710952759,0.38459688425064087,0.5,0.5,0.0476190485060215,0.5,0.5,0.08695652335882187
0.0001,2,0.5,0.001,1,128,0.0,0.0476190485060215,0.5,0.0476190485060215,1.0,0.0,0.09090909361839294,0.4293617904186249,0.8809523582458496,0.4625000059604645,0.0,0.0,0.925000011920929,,0.42746424674987793,0.7857142686843872,0.6499999761581421,0.1111111119389534,0.5,0.800000011920929,0.1818181872367859
0.0001,2,0.5,0.001,1,256,0.0,0.0476190485060215,0.5,0.0476190485060215,1.0,0.0,0.09090909361839294,0.39578789472579956,0.9523809552192688,0.5,,0.0,1.0,,0.3942521810531616,0.9523809552192688,0.5,,0.0,1.0,
0.0001,2,0.5,0.001,2,64,0.0,0.0476190485060215,0.5,0.0476190485060215,1.0,0.0,0.09090909361839294,0.4931502938270569,0.8809523582458496,0.9375,0.2857142984867096,1.0,0.875,0.4444444477558136,0.49323710799217224,0.8809523582458496,0.699999988079071,0.20000000298023224,0.5,0.8999999761581421,0.2857142984867096
0.0001,2,0.5,0.001,2,128,0.0,0.0476190485060215,0.5,0.0476190485060215,1.0,0.0,0.09090909361839294,0.4722033143043518,0.5952380895614624,0.550000011920929,0.05882352963089943,0.5,0.6000000238418579,0.10526315867900848,0.4722033143043518,0.5952380895614624,0.550000011920929,0.05882352963089943,0.5,0.6000000238418579,0.10526315867900848
0.0001,2,0.5,0.001,2,256,0.0,0.0476190485060215,0.5,0.0476190485060215,1.0,0.0,0.09090909361839294,0.31661441922187805,0.8095238208770752,0.6625000238418579,0.125,0.5,0.824999988079071,0.20000000298023224,0.31661441922187805,0.8095238208770752,0.6625000238418579,0.125,0.5,0.824999988079071,0.20000000298023224
0.0001,4,0.1,0.0001,1,64,0.44999998807907104,0.8095238208770752,0.6625000238418579,0.125,0.5,0.824999988079071,0.20000000298023224,0.47984543442726135,0.8333333134651184,0.675000011920929,0.1428571492433548,0.5,0.8500000238418579,0.2222222238779068,0.47984543442726135,0.8333333134651184,0.675000011920929,0.1428571492433548,0.5,0.8500000238418579,0.2222222238779068
0.0001,4,0.1,0.0001,1,128,0.0,0.0476190485060215,0.5,0.0476190485060215,1.0,0.0,0.09090909361839294,0.45540720224380493,0.738095223903656,0.625,0.09090909361839294,0.5,0.75,0.1538461595773697,0.4562988877296448,0.8571428656578064,0.6875,0.1666666716337204,0.5,0.875,0.25
0.0001,4,0.1,0.0001,1,256,0.0,0.0476190485060215,0.5,0.0476190485060215,1.0,0.0,0.09090909361839294,0.030297160148620605,0.8571428656578064,0.925000011920929,0.25,1.0,0.8500000238418579,0.4000000059604645,0.030297160148620605,0.8571428656578064,0.925000011920929,0.25,1.0,0.8500000238418579,0.4000000059604645
0.0001,4,0.1,0.0001,2,64,0.0,0.0476190485060215,0.5,0.0476190485060215,1.0,0.0,0.09090909361839294,1.7228150367736816,0.9523809552192688,0.5,,0.0,1.0,,0.08254913985729218,0.02380952425301075,0.25,0.024390242993831635,0.5,0.0,0.04651162773370743
0.0001,4,0.1,0.0001,2,128,0.05000000074505806,0.9047619104385376,0.7124999761581421,0.25,0.5,0.925000011920929,0.3333333432674408,0.04345625266432762,0.8333333134651184,0.675000011920929,0.1428571492433548,0.5,0.8500000238418579,0.2222222238779068,0.04345625266432762,0.8333333134651184,0.675000011920929,0.1428571492433548,0.5,0.8500000238418579,0.2222222238779068
0.0001,4,0.1,0.0001,2,256,0.44999998807907104,0.8571428656578064,0.6875,0.1666666716337204,0.5,0.875,0.25,0.4472644627094269,0.3333333432674408,0.4124999940395355,0.0357142873108387,0.5,0.32499998807907104,0.06666667014360428,0.44741925597190857,0.3333333432674408,0.4124999940395355,0.0357142873108387,0.5,0.32499998807907104,0.06666667014360428
0.0001,4,0.1,0.001,1,64,0.44999998807907104,0.9047619104385376,0.7124999761581421,0.25,0.5,0.925000011920929,0.3333333432674408,0.3708385229110718,0.738095223903656,0.625,0.09090909361839294,0.5,0.75,0.1538461595773697,0.3708385229110718,0.738095223903656,0.625,0.09090909361839294,0.5,0.75,0.1538461595773697
0.0001,4,0.1,0.001,1,128,0.44999998807907104,0.9047619104385376,0.7124999761581421,0.25,0.5,0.925000011920929,0.3333333432674408,0.40135228633880615,0.9047619104385376,0.7124999761581421,0.25,0.5,0.925000011920929,0.3333333432674408,0.4017028510570526,0.9047619104385376,0.7124999761581421,0.25,0.5,0.925000011920929,0.3333333432674408
0.0001,4,0.1,0.001,1,256,0.0,0.0476190485060215,0.5,0.0476190485060215,1.0,0.0,0.09090909361839294,0.4290962219238281,0.8809523582458496,0.699999988079071,0.20000000298023224,0.5,0.8999999761581421,0.2857142984867096,0.4292382299900055,0.8809523582458496,0.699999988079071,0.20000000298023224,0.5,0.8999999761581421,0.2857142984867096
0.0001,4,0.1,0.001,2,64,0.0,0.0476190485060215,0.5,0.0476190485060215,1.0,0.0,0.09090909361839294,0.07785721868276596,0.1190476194024086,0.5375000238418579,0.05128205195069313,1.0,0.07500000298023224,0.09756097197532654,0.0830950140953064,0.3571428656578064,0.1875,0.0,0.0,0.375,
0.0001,4,0.1,0.001,2,128,0.4000000059604645,0.761904776096344,0.875,0.1666666716337204,1.0,0.75,0.2857142984867096,0.39881402254104614,0.7142857313156128,0.8500000238418579,0.1428571492433548,1.0,0.699999988079071,0.25,0.39881402254104614,0.7142857313156128,0.8500000238418579,0.1428571492433548,1.0,0.699999988079071,0.25
0.0001,4,0.1,0.001,2,256,0.0,0.0476190485060215,0.5,0.0476190485060215,1.0,0.0,0.09090909361839294,0.4574444890022278,0.7857142686843872,0.6499999761581421,0.1111111119389534,0.5,0.800000011920929,0.1818181872367859,0.4582476019859314,0.9047619104385376,0.7124999761581421,0.25,0.5,0.925000011920929,0.3333333432674408
0.0001,4,0.3,0.0001,1,64,0.0,0.0476190485060215,0.5,0.0476190485060215,1.0,0.0,0.09090909361839294,0.46186548471450806,0.6428571343421936,0.574999988079071,0.06666667014360428,0.5,0.6499999761581421,0.11764705926179886,0.46186548471450806,0.6428571343421936,0.574999988079071,0.06666667014360428,0.5,0.6499999761581421,0.11764705926179886
0.0001,4,0.3,0.0001,1,128,0.0,0.0476190485060215,0.5,0.0476190485060215,1.0,0.0,0.09090909361839294,0.45922815799713135,0.9285714030265808,0.9624999761581421,0.4000000059604645,1.0,0.925000011920929,0.5714285969734192,0.45922815799713135,0.9285714030265808,0.9624999761581421,0.4000000059604645,1.0,0.925000011920929,0.5714285969734192
0.0001,4,0.3,0.0001,1,256,0.0,0.0476190485060215,0.5,0.0476190485060215,1.0,0.0,0.09090909361839294,0.4314497411251068,0.0476190485060215,0.5,0.0476190485060215,1.0,0.0,0.09090909361839294,0.43538573384284973,0.4761904776096344,0.48750001192092896,0.04545454680919647,0.5,0.4749999940395355,0.0833333358168602
0.0001,4,0.3,0.0001,2,64,0.0,0.0476190485060215,0.5,0.0476190485060215,1.0,0.0,0.09090909361839294,1.8910503387451172,0.9523809552192688,0.5,,0.0,1.0,,0.0791851133108139,0.1666666716337204,0.32499998807907104,0.02857142873108387,0.5,0.15000000596046448,0.054054055362939835
0.0001,4,0.3,0.0001,2,128,0.0,0.0476190485060215,0.5,0.0476190485060215,1.0,0.0,0.09090909361839294,0.2754257023334503,0.8809523582458496,0.699999988079071,0.20000000298023224,0.5,0.8999999761581421,0.2857142984867096,0.2754257023334503,0.8809523582458496,0.699999988079071,0.20000000298023224,0.5,0.8999999761581421,0.2857142984867096
0.0001,4,0.3,0.0001,2,256,0.0,0.0476190485060215,0.5,0.0476190485060215,1.0,0.0,0.09090909361839294,0.05408409610390663,0.8333333134651184,0.675000011920929,0.1428571492433548,0.5,0.8500000238418579,0.2222222238779068,0.05408409610390663,0.8333333134651184,0.675000011920929,0.1428571492433548,0.5,0.8500000238418579,0.2222222238779068
0.0001,4,0.3,0.001,1,64,0.4000000059604645,0.8333333134651184,0.675000011920929,0.1428571492433548,0.5,0.8500000238418579,0.2222222238779068,0.37364864349365234,0.8095238208770752,0.6625000238418579,0.125,0.5,0.824999988079071,0.20000000298023224,0.37364864349365234,0.8095238208770752,0.6625000238418579,0.125,0.5,0.824999988079071,0.20000000298023224
0.0001,4,0.3,0.001,1,128,0.0,0.0476190485060215,0.5,0.0476190485060215,1.0,0.0,0.09090909361839294,0.4337518513202667,0.761904776096344,0.4000000059604645,0.0,0.0,0.800000011920929,,0.4337518513202667,0.761904776096344,0.4000000059604645,0.0,0.0,0.800000011920929,
0.0001,4,0.3,0.001,1,256,0.0,0.0476190485060215,0.5,0.0476190485060215,1.0,0.0,0.09090909361839294,0.4427694082260132,0.0476190485060215,0.5,0.0476190485060215,1.0,0.0,0.09090909361839294,0.4440189599990845,0.0476190485060215,0.5,0.0476190485060215,1.0,0.0,0.09090909361839294
0.0001,4,0.3,0.001,2,64,0.0,0.0476190485060215,0.5,0.0476190485060215,1.0,0.0,0.09090909361839294,0.06438889354467392,0.6666666865348816,0.5874999761581421,0.0714285746216774,0.5,0.675000011920929,0.125,0.06438889354467392,0.6666666865348816,0.5874999761581421,0.0714285746216774,0.5,0.675000011920929,0.125
0.0001,4,0.3,0.001,2,128,0.0,0.0476190485060215,0.5,0.0476190485060215,1.0,0.0,0.09090909361839294,0.1171555370092392,0.6190476417541504,0.800000011920929,0.1111111119389534,1.0,0.6000000238418579,0.20000000298023224,0.1174653172492981,0.6904761791229248,0.8374999761581421,0.13333334028720856,1.0,0.675000011920929,0.23529411852359772
0.0001,4,0.3,0.001,2,256,0.0,0.0476190485060215,0.5,0.0476190485060215,1.0,0.0,0.09090909361839294,0.06501418352127075,0.7142857313156128,0.612500011920929,0.0833333358168602,0.5,0.7250000238418579,0.1428571492433548,0.06501418352127075,0.7142857313156128,0.612500011920929,0.0833333358168602,0.5,0.7250000238418579,0.1428571492433548
0.0001,4,0.5,0.0001,1,64,0.0,0.0476190485060215,0.5,0.0476190485060215,1.0,0.0,0.09090909361839294,0.5352954864501953,0.190476194024086,0.3375000059604645,0.029411764815449715,0.5,0.17499999701976776,0.0555555559694767,0.5352954864501953,0.190476194024086,0.3375000059604645,0.029411764815449715,0.5,0.17499999701976776,0.0555555559694767
0.0001,4,0.5,0.0001,1,128,0.15000000596046448,0.7142857313156128,0.612500011920929,0.0833333358168602,0.5,0.7250000238418579,0.1428571492433548,0.15046288073062897,0.761904776096344,0.637499988079071,0.10000000149011612,0.5,0.7749999761581421,0.1666666716337204,0.15046288073062897,0.761904776096344,0.637499988079071,0.10000000149011612,0.5,0.7749999761581421,0.1666666716337204
0.0001,4,0.5,0.0001,1,256,0.0,0.0476190485060215,0.5,0.0476190485060215,1.0,0.0,0.09090909361839294,0.4435313642024994,0.523809552192688,0.512499988079071,0.05000000074505806,0.5,0.5249999761581421,0.09090909361839294,0.4457321763038635,0.6904761791229248,0.36250001192092896,0.0,0.0,0.7250000238418579,
0.0001,4,0.5,0.0001,2,64,0.0,0.0476190485060215,0.5,0.0476190485060215,1.0,0.0,0.09090909361839294,0.0663851872086525,0.8333333134651184,0.675000011920929,0.1428571492433548,0.5,0.8500000238418579,0.2222222238779068,0.0663851872086525,0.8333333134651184,0.675000011920929,0.1428571492433548,0.5,0.8500000238418579,0.2222222238779068
0.0001,4,0.5,0.0001,2,128,0.8500000238418579,0.9285714030265808,0.48750001192092896,0.0,0.0,0.9750000238418579,,0.11954521387815475,0.738095223903656,0.862500011920929,0.1538461595773697,1.0,0.7250000238418579,0.2666666805744171,0.11954521387815475,0.738095223903656,0.862500011920929,0.1538461595773697,1.0,0.7250000238418579,0.2666666805744171
0.0001,4,0.5,0.0001,2,256,0.5,0.9047619104385376,0.7124999761581421,0.25,0.5,0.925000011920929,0.3333333432674408,0.4577806890010834,0.761904776096344,0.637499988079071,0.10000000149011612,0.5,0.7749999761581421,0.1666666716337204,0.4577806890010834,0.761904776096344,0.637499988079071,0.10000000149011612,0.5,0.7749999761581421,0.1666666716337204
0.0001,4,0.5,0.001,1,64,0.0,0.0476190485060215,0.5,0.0476190485060215,1.0,0.0,0.09090909361839294,0.4124699831008911,0.9047619104385376,0.7124999761581421,0.25,0.5,0.925000011920929,0.3333333432674408,0.40813159942626953,0.6666666865348816,0.5874999761581421,0.0714285746216774,0.5,0.675000011920929,0.125
0.0001,4,0.5,0.001,1,128,0.0,0.0476190485060215,0.5,0.0476190485060215,1.0,0.0,0.09090909361839294,0.4551992416381836,0.761904776096344,0.875,0.1666666716337204,1.0,0.75,0.2857142984867096,0.4559154510498047,0.7857142686843872,0.887499988079071,0.1818181872367859,1.0,0.7749999761581421,0.3076923191547394
0.0001,4,0.5,0.001,1,256,0.44999998807907104,0.5714285969734192,0.7749999761581421,0.10000000149011612,1.0,0.550000011920929,0.1818181872367859,0.4513063430786133,0.738095223903656,0.625,0.09090909361839294,0.5,0.75,0.1538461595773697,0.4513063430786133,0.738095223903656,0.625,0.09090909361839294,0.5,0.75,0.1538461595773697
0.0001,4,0.5,0.001,2,64,0.0,0.0476190485060215,0.5,0.0476190485060215,1.0,0.0,0.09090909361839294,0.1500692367553711,0.9523809552192688,0.5,,0.0,1.0,,0.14244915544986725,0.7857142686843872,0.4124999940395355,0.0,0.0,0.824999988079071,
0.0001,4,0.5,0.001,2,128,0.0,0.0476190485060215,0.5,0.0476190485060215,1.0,0.0,0.09090909361839294,0.08472748845815659,0.5476190447807312,0.762499988079071,0.095238097012043,1.0,0.5249999761581421,0.17391304671764374,0.08474380522966385,0.5952380895614624,0.7875000238418579,0.10526315867900848,1.0,0.574999988079071,0.190476194024086
0.0001,4,0.5,0.001,2,256,0.0,0.0476190485060215,0.5,0.0476190485060215,1.0,0.0,0.09090909361839294,0.04824083298444748,0.4761904776096344,0.7250000238418579,0.0833333358168602,1.0,0.44999998807907104,0.1538461595773697,0.048420894891023636,0.7142857313156128,0.612500011920929,0.0833333358168602,0.5,0.7250000238418579,0.1428571492433548
1e-05,2,0.1,0.0001,1,64,0.0,0.0476190485060215,0.5,0.0476190485060215,1.0,0.0,0.09090909361839294,0.5272623896598816,0.4285714328289032,0.4625000059604645,0.0416666679084301,0.5,0.42500001192092896,0.07692307978868484,0.5272623896598816,0.4285714328289032,0.4625000059604645,0.0416666679084301,0.5,0.42500001192092896,0.07692307978868484
1e-05,2,0.1,0.0001,1,128,0.0,0.0476190485060215,0.5,0.0476190485060215,1.0,0.0,0.09090909361839294,0.5121299624443054,0.9047619104385376,0.4749999940395355,0.0,0.0,0.949999988079071,,0.5121299624443054,0.9047619104385376,0.4749999940395355,0.0,0.0,0.949999988079071,
1e-05,2,0.1,0.0001,1,256,0.0,0.0476190485060215,0.5,0.0476190485060215,1.0,0.0,0.09090909361839294,0.5091820359230042,0.5476190447807312,0.2874999940395355,0.0,0.0,0.574999988079071,,0.5091820359230042,0.5476190447807312,0.2874999940395355,0.0,0.0,0.574999988079071,
1e-05,2,0.1,0.0001,2,64,0.0,0.0476190485060215,0.5,0.0476190485060215,1.0,0.0,0.09090909361839294,0.5254098176956177,0.9047619104385376,0.7124999761581421,0.25,0.5,0.925000011920929,0.3333333432674408,0.5254098176956177,0.9047619104385376,0.7124999761581421,0.25,0.5,0.925000011920929,0.3333333432674408
1e-05,2,0.1,0.0001,2,128,0.0,0.0476190485060215,0.5,0.0476190485060215,1.0,0.0,0.09090909361839294,0.5163652896881104,0.9285714030265808,0.48750001192092896,0.0,0.0,0.9750000238418579,,0.5163652896881104,0.9285714030265808,0.48750001192092896,0.0,0.0,0.9750000238418579,
1e-05,2,0.1,0.0001,2,256,0.0,0.0476190485060215,0.5,0.0476190485060215,1.0,0.0,0.09090909361839294,0.5189534425735474,0.5714285969734192,0.5375000238418579,0.0555555559694767,0.5,0.574999988079071,0.10000000149011612,0.5189873576164246,0.5714285969734192,0.5375000238418579,0.0555555559694767,0.5,0.574999988079071,0.10000000149011612
1e-05,2,0.1,0.001,1,64,0.0,0.0476190485060215,0.5,0.0476190485060215,1.0,0.0,0.09090909361839294,0.49698606133461,0.761904776096344,0.4000000059604645,0.0,0.0,0.800000011920929,,0.49698606133461,0.761904776096344,0.4000000059604645,0.0,0.0,0.800000011920929,
1e-05,2,0.1,0.001,1,128,0.0,0.0476190485060215,0.5,0.0476190485060215,1.0,0.0,0.09090909361839294,0.519996166229248,0.0476190485060215,0.5,0.0476190485060215,1.0,0.0,0.09090909361839294,0.5217335224151611,0.5714285969734192,0.7749999761581421,0.10000000149011612,1.0,0.550000011920929,0.1818181872367859
1e-05,2,0.1,0.001,1,256,0.0,0.0476190485060215,0.5,0.0476190485060215,1.0,0.0,0.09090909361839294,0.525942325592041,0.7857142686843872,0.4124999940395355,0.0,0.0,0.824999988079071,,0.525942325592041,0.7857142686843872,0.4124999940395355,0.0,0.0,0.824999988079071,
1e-05,2,0.1,0.001,2,64,0.5,0.8809523582458496,0.4625000059604645,0.0,0.0,0.925000011920929,,0.4993622601032257,0.4285714328289032,0.699999988079071,0.07692307978868484,1.0,0.4000000059604645,0.1428571492433548,0.49949267506599426,0.5952380895614624,0.7875000238418579,0.10526315867900848,1.0,0.574999988079071,0.190476194024086
1e-05,2,0.1,0.001,2,128,0.0,0.0476190485060215,0.5,0.0476190485060215,1.0,0.0,0.09090909361839294,0.4911800026893616,0.0714285746216774,0.512499988079071,0.04878048598766327,1.0,0.02500000037252903,0.09302325546741486,0.4911800026893616,0.0714285746216774,0.512499988079071,0.04878048598766327,1.0,0.02500000037252903,0.09302325546741486
1e-05,2,0.1,0.001,2,256,0.0,0.0476190485060215,0.5,0.0476190485060215,1.0,0.0,0.09090909361839294,0.5066877007484436,0.0476190485060215,0.5,0.0476190485060215,1.0,0.0,0.09090909361839294,0.5071898698806763,0.4523809552192688,0.23749999701976776,0.0,0.0,0.4749999940395355,
1e-05,2,0.3,0.0001,1,64,0.0,0.0476190485060215,0.5,0.0476190485060215,1.0,0.0,0.09090909361839294,0.5187973976135254,0.738095223903656,0.38749998807907104,0.0,0.0,0.7749999761581421,,0.5187973976135254,0.738095223903656,0.38749998807907104,0.0,0.0,0.7749999761581421,
1e-05,2,0.3,0.0001,1,128,0.0,0.0476190485060215,0.5,0.0476190485060215,1.0,0.0,0.09090909361839294,0.5245606303215027,0.8333333134651184,0.4375,0.0,0.0,0.875,,0.5245606303215027,0.8333333134651184,0.4375,0.0,0.0,0.875,
1e-05,2,0.3,0.0001,1,256,0.0,0.0476190485060215,0.5,0.0476190485060215,1.0,0.0,0.09090909361839294,0.5173794031143188,0.5952380895614624,0.550000011920929,0.05882352963089943,0.5,0.6000000238418579,0.10526315867900848,0.5182847380638123,0.9523809552192688,0.5,,0.0,1.0,
1e-05,2,0.3,0.0001,2,64,0.0,0.0476190485060215,0.5,0.0476190485060215,1.0,0.0,0.09090909361839294,0.512745201587677,0.0476190485060215,0.5,0.0476190485060215,1.0,0.0,0.09090909361839294,0.5133206844329834,0.0476190485060215,0.5,0.0476190485060215,1.0,0.0,0.09090909361839294
1e-05,2,0.3,0.0001,2,128,0.0,0.0476190485060215,0.5,0.0476190485060215,1.0,0.0,0.09090909361839294,0.5020508170127869,0.0476190485060215,0.5,0.0476190485060215,1.0,0.0,0.09090909361839294,0.5024054646492004,0.1428571492433548,0.550000011920929,0.05263157933950424,1.0,0.10000000149011612,0.10000000149011612
1e-05,2,0.3,0.0001,2,256,0.0,0.0476190485060215,0.5,0.0476190485060215,1.0,0.0,0.09090909361839294,0.5008695125579834,0.761904776096344,0.875,0.1666666716337204,1.0,0.75,0.2857142984867096,0.5009928941726685,0.8571428656578064,0.44999998807907104,0.0,0.0,0.8999999761581421,
1e-05,2,0.3,0.001,1,64,0.0,0.0476190485060215,0.5,0.0476190485060215,1.0,0.0,0.09090909361839294,0.5189833641052246,0.2142857164144516,0.5874999761581421,0.05714285746216774,1.0,0.17499999701976776,0.10810811072587967,0.5221301913261414,0.4523809552192688,0.23749999701976776,0.0,0.0,0.4749999940395355,
1e-05,2,0.3,0.001,1,128,0.0,0.0476190485060215,0.5,0.0476190485060215,1.0,0.0,0.09090909361839294,0.5169647336006165,0.9523809552192688,0.737500011920929,0.5,0.5,0.9750000238418579,0.5,0.5139292478561401,0.8809523582458496,0.699999988079071,0.20000000298023224,0.5,0.8999999761581421,0.2857142984867096
1e-05,2,0.3,0.001,1,256,0.0,0.0476190485060215,0.5,0.0476190485060215,1.0,0.0,0.09090909361839294,0.5095850229263306,0.02380952425301075,0.25,0.024390242993831635,0.5,0.0,0.04651162773370743,0.5095850229263306,0.02380952425301075,0.25,0.024390242993831635,0.5,0.0,0.04651162773370743
1e-05,2,0.3,0.001,2,64,0.0,0.0476190485060215,0.5,0.0476190485060215,1.0,0.0,0.09090909361839294,0.4933474659919739,0.523809552192688,0.2750000059604645,0.0,0.0,0.550000011920929,,0.4933474659919739,0.523809552192688,0.2750000059604645,0.0,0.0,0.550000011920929,
1e-05,2,0.3,0.001,2,128,0.0,0.0476190485060215,0.5,0.0476190485060215,1.0,0.0,0.09090909361839294,0.5116417407989502,0.0476190485060215,0.02500000037252903,0.0,0.0,0.05000000074505806,,0.5116417407989502,0.0476190485060215,0.02500000037252903,0.0,0.0,0.05000000074505806,
1e-05,2,0.3,0.001,2,256,0.0,0.0476190485060215,0.5,0.0476190485060215,1.0,0.0,0.09090909361839294,0.5051291584968567,0.9523809552192688,0.737500011920929,0.5,0.5,0.9750000238418579,0.5,0.5051291584968567,0.9523809552192688,0.737500011920929,0.5,0.5,0.9750000238418579,0.5
1e-05,2,0.5,0.0001,1,64,0.0,0.0476190485060215,0.5,0.0476190485060215,1.0,0.0,0.09090909361839294,0.48902472853660583,0.1666666716337204,0.5625,0.054054055362939835,1.0,0.125,0.10256410390138626,0.48992255330085754,0.190476194024086,0.574999988079071,0.0555555559694767,1.0,0.15000000596046448,0.10526315867900848
1e-05,2,0.5,0.0001,1,128,0.0,0.0476190485060215,0.5,0.0476190485060215,1.0,0.0,0.09090909361839294,0.5060035586357117,0.190476194024086,0.574999988079071,0.0555555559694767,1.0,0.15000000596046448,0.10526315867900848,0.5072448253631592,0.4523809552192688,0.7124999761581421,0.07999999821186066,1.0,0.42500001192092896,0.14814814925193787
1e-05,2,0.5,0.0001,1,256,0.0,0.0476190485060215,0.5,0.0476190485060215,1.0,0.0,0.09090909361839294,0.509566605091095,0.9523809552192688,0.5,,0.0,1.0,,0.5077359676361084,0.5714285969734192,0.5375000238418579,0.0555555559694767,0.5,0.574999988079071,0.10000000149011612
1e-05,2,0.5,0.0001,2,64,0.0,0.0476190485060215,0.5,0.0476190485060215,1.0,0.0,0.09090909361839294,0.4806511402130127,0.9523809552192688,0.5,,0.0,1.0,,0.4806511402130127,0.9523809552192688,0.5,,0.0,1.0,
1e-05,2,0.5,0.0001,2,128,0.0,0.0476190485060215,0.5,0.0476190485060215,1.0,0.0,0.09090909361839294,0.5146514177322388,0.0476190485060215,0.26249998807907104,0.02500000037252903,0.5,0.02500000037252903,0.0476190485060215,0.5148183703422546,0.190476194024086,0.3375000059604645,0.029411764815449715,0.5,0.17499999701976776,0.0555555559694767
1e-05,2,0.5,0.0001,2,256,0.0,0.0476190485060215,0.5,0.0476190485060215,1.0,0.0,0.09090909361839294,0.49446776509284973,0.0476190485060215,0.5,0.0476190485060215,1.0,0.0,0.09090909361839294,0.4945835471153259,0.5714285969734192,0.5375000238418579,0.0555555559694767,0.5,0.574999988079071,0.10000000149011612
1e-05,2,0.5,0.001,1,64,0.0,0.0476190485060215,0.5,0.0476190485060215,1.0,0.0,0.09090909361839294,0.533991277217865,0.9523809552192688,0.5,,0.0,1.0,,0.533991277217865,0.9523809552192688,0.5,,0.0,1.0,
1e-05,2,0.5,0.001,1,128,0.0,0.0476190485060215,0.5,0.0476190485060215,1.0,0.0,0.09090909361839294,0.5048432350158691,0.5952380895614624,0.550000011920929,0.05882352963089943,0.5,0.6000000238418579,0.10526315867900848,0.5052920579910278,0.9047619104385376,0.4749999940395355,0.0,0.0,0.949999988079071,
1e-05,2,0.5,0.001,1,256,0.0,0.0476190485060215,0.5,0.0476190485060215,1.0,0.0,0.09090909361839294,1.5172370672225952,0.9523809552192688,0.5,,0.0,1.0,,0.515852153301239,0.095238097012043,0.5249999761581421,0.05000000074505806,1.0,0.05000000074505806,0.095238097012043
1e-05,2,0.5,0.001,2,64,0.0,0.0476190485060215,0.5,0.0476190485060215,1.0,0.0,0.09090909361839294,0.5151024460792542,0.2857142984867096,0.38749998807907104,0.03333333507180214,0.5,0.2750000059604645,0.0625,0.5152389407157898,0.5714285969734192,0.5375000238418579,0.0555555559694767,0.5,0.574999988079071,0.10000000149011612
1e-05,2,0.5,0.001,2,128,0.0,0.0476190485060215,0.5,0.0476190485060215,1.0,0.0,0.09090909361839294,0.5167906880378723,0.190476194024086,0.574999988079071,0.0555555559694767,1.0,0.15000000596046448,0.10526315867900848,0.5170224905014038,0.2142857164144516,0.5874999761581421,0.05714285746216774,1.0,0.17499999701976776,0.10810811072587967
1e-05,2,0.5,0.001,2,256,0.0,0.0476190485060215,0.5,0.0476190485060215,1.0,0.0,0.09090909361839294,0.510654866695404,0.9523809552192688,0.5,,0.0,1.0,,0.509843111038208,0.4047619104385376,0.44999998807907104,0.03999999910593033,0.5,0.4000000059604645,0.07407407462596893
1e-05,4,0.1,0.0001,1,64,0.0,0.0476190485060215,0.5,0.0476190485060215,1.0,0.0,0.09090909361839294,0.5292298197746277,0.6666666865348816,0.3499999940395355,0.0,0.0,0.699999988079071,,0.5292298197746277,0.6666666865348816,0.3499999940395355,0.0,0.0,0.699999988079071,
1e-05,4,0.1,0.0001,1,128,0.0,0.0476190485060215,0.5,0.0476190485060215,1.0,0.0,0.09090909361839294,1.5152745246887207,0.9523809552192688,0.5,,0.0,1.0,,0.5112127065658569,0.095238097012043,0.5249999761581421,0.05000000074505806,1.0,0.05000000074505806,0.095238097012043
1e-05,4,0.1,0.0001,1,256,0.0,0.0476190485060215,0.5,0.0476190485060215,1.0,0.0,0.09090909361839294,0.51408451795578,0.1428571492433548,0.550000011920929,0.05263157933950424,1.0,0.10000000149011612,0.10000000149011612,0.5144653916358948,0.4285714328289032,0.4625000059604645,0.0416666679084301,0.5,0.42500001192092896,0.07692307978868484
1e-05,4,0.1,0.0001,2,64,0.0,0.0476190485060215,0.5,0.0476190485060215,1.0,0.0,0.09090909361839294,0.4963311553001404,0.9523809552192688,0.5,,0.0,1.0,,0.49604564905166626,0.9523809552192688,0.5,,0.0,1.0,
1e-05,4,0.1,0.0001,2,128,0.0,0.0476190485060215,0.5,0.0476190485060215,1.0,0.0,0.09090909361839294,0.48234936594963074,0.190476194024086,0.3375000059604645,0.029411764815449715,0.5,0.17499999701976776,0.0555555559694767,0.4824173152446747,0.3095238208770752,0.4000000059604645,0.03448275849223137,0.5,0.30000001192092896,0.06451612710952759
1e-05,4,0.1,0.0001,2,256,0.0,0.0476190485060215,0.5,0.0476190485060215,1.0,0.0,0.09090909361839294,0.49273601174354553,0.9285714030265808,0.7250000238418579,0.3333333432674408,0.5,0.949999988079071,0.4000000059604645,0.49277469515800476,0.9285714030265808,0.7250000238418579,0.3333333432674408,0.5,0.949999988079071,0.4000000059604645
1e-05,4,0.1,0.001,1,64,0.0,0.0476190485060215,0.5,0.0476190485060215,1.0,0.0,0.09090909361839294,1.5481469631195068,0.9523809552192688,0.5,,0.0,1.0,,0.5465713143348694,0.2380952388048172,0.36250001192092896,0.03125,0.5,0.22499999403953552,0.05882352963089943
1e-05,4,0.1,0.001,1,128,0.0,0.0476190485060215,0.5,0.0476190485060215,1.0,0.0,0.09090909361839294,0.5223007798194885,0.0476190485060215,0.5,0.0476190485060215,1.0,0.0,0.09090909361839294,0.5228267908096313,0.1428571492433548,0.550000011920929,0.05263157933950424,1.0,0.10000000149011612,0.10000000149011612
1e-05,4,0.1,0.001,1,256,0.0,0.0476190485060215,0.5,0.0476190485060215,1.0,0.0,0.09090909361839294,0.5142924785614014,0.190476194024086,0.3375000059604645,0.029411764815449715,0.5,0.17499999701976776,0.0555555559694767,0.5144333243370056,0.4761904776096344,0.48750001192092896,0.04545454680919647,0.5,0.4749999940395355,0.0833333358168602
1e-05,4,0.1,0.001,2,64,0.0,0.0476190485060215,0.5,0.0476190485060215,1.0,0.0,0.09090909361839294,0.49653109908103943,0.0476190485060215,0.5,0.0476190485060215,1.0,0.0,0.09090909361839294,0.4971875548362732,0.6904761791229248,0.6000000238418579,0.07692307978868484,0.5,0.699999988079071,0.13333334028720856
1e-05,4,0.1,0.001,2,128,0.0,0.0476190485060215,0.5,0.0476190485060215,1.0,0.0,0.09090909361839294,0.5040111541748047,0.0476190485060215,0.5,0.0476190485060215,1.0,0.0,0.09090909361839294,0.5044220685958862,0.5952380895614624,0.7875000238418579,0.10526315867900848,1.0,0.574999988079071,0.190476194024086
1e-05,4,0.1,0.001,2,256,0.0,0.0476190485060215,0.5,0.0476190485060215,1.0,0.0,0.09090909361839294,0.5048224329948425,0.9285714030265808,0.7250000238418579,0.3333333432674408,0.5,0.949999988079071,0.4000000059604645,0.5048224329948425,0.9285714030265808,0.7250000238418579,0.3333333432674408,0.5,0.949999988079071,0.4000000059604645
1e-05,4,0.3,0.0001,1,64,0.0,0.0476190485060215,0.5,0.0476190485060215,1.0,0.0,0.09090909361839294,0.510962963104248,0.02380952425301075,0.25,0.024390242993831635,0.5,0.0,0.04651162773370743,0.511586606502533,0.1428571492433548,0.3125,0.02777777798473835,0.5,0.125,0.05263157933950424
1e-05,4,0.3,0.0001,1,128,0.5,0.9523809552192688,0.5,,0.0,1.0,,0.49833983182907104,0.9523809552192688,0.5,,0.0,1.0,,0.49833983182907104,0.9523809552192688,0.5,,0.0,1.0,
1e-05,4,0.3,0.0001,1,256,0.0,0.0476190485060215,0.5,0.0476190485060215,1.0,0.0,0.09090909361839294,0.516228199005127,0.4761904776096344,0.25,0.0,0.0,0.5,,0.5174269080162048,0.9523809552192688,0.5,,0.0,1.0,
1e-05,4,0.3,0.0001,2,64,0.0,0.0476190485060215,0.5,0.0476190485060215,1.0,0.0,0.09090909361839294,0.4849468171596527,0.4285714328289032,0.4625000059604645,0.0416666679084301,0.5,0.42500001192092896,0.07692307978868484,0.4853588342666626,0.523809552192688,0.512499988079071,0.05000000074505806,0.5,0.5249999761581421,0.09090909361839294
1e-05,4,0.3,0.0001,2,128,0.0,0.0476190485060215,0.5,0.0476190485060215,1.0,0.0,0.09090909361839294,0.5084436535835266,0.02380952425301075,0.25,0.024390242993831635,0.5,0.0,0.04651162773370743,0.5084795355796814,0.02380952425301075,0.25,0.024390242993831635,0.5,0.0,0.04651162773370743
1e-05,4,0.3,0.0001,2,256,0.0,0.0476190485060215,0.5,0.0476190485060215,1.0,0.0,0.09090909361839294,0.5006803274154663,0.8809523582458496,0.699999988079071,0.20000000298023224,0.5,0.8999999761581421,0.2857142984867096,0.5006803274154663,0.8809523582458496,0.699999988079071,0.20000000298023224,0.5,0.8999999761581421,0.2857142984867096
1e-05,4,0.3,0.001,1,64,0.0,0.0476190485060215,0.5,0.0476190485060215,1.0,0.0,0.09090909361839294,0.5296833515167236,0.9047619104385376,0.7124999761581421,0.25,0.5,0.925000011920929,0.3333333432674408,0.5296833515167236,0.9047619104385376,0.7124999761581421,0.25,0.5,0.925000011920929,0.3333333432674408
1e-05,4,0.3,0.001,1,128,0.0,0.0476190485060215,0.5,0.0476190485060215,1.0,0.0,0.09090909361839294,0.5235481858253479,0.9047619104385376,0.7124999761581421,0.25,0.5,0.925000011920929,0.3333333432674408,0.5235481858253479,0.9047619104385376,0.7124999761581421,0.25,0.5,0.925000011920929,0.3333333432674408
1e-05,4,0.3,0.001,1,256,0.0,0.0476190485060215,0.5,0.0476190485060215,1.0,0.0,0.09090909361839294,0.49362051486968994,0.0714285746216774,0.512499988079071,0.04878048598766327,1.0,0.02500000037252903,0.09302325546741486,0.4946209490299225,0.5476190447807312,0.5249999761581421,0.05263157933950424,0.5,0.550000011920929,0.095238097012043
1e-05,4,0.3,0.001,2,64,0.0,0.0476190485060215,0.5,0.0476190485060215,1.0,0.0,0.09090909361839294,0.5174667239189148,0.738095223903656,0.625,0.09090909361839294,0.5,0.75,0.1538461595773697,0.5174667239189148,0.738095223903656,0.625,0.09090909361839294,0.5,0.75,0.1538461595773697
1e-05,4,0.3,0.001,2,128,0.0,0.0476190485060215,0.5,0.0476190485060215,1.0,0.0,0.09090909361839294,0.5235235691070557,0.0714285746216774,0.512499988079071,0.04878048598766327,1.0,0.02500000037252903,0.09302325546741486,0.5235742926597595,0.0714285746216774,0.512499988079071,0.04878048598766327,1.0,0.02500000037252903,0.09302325546741486
1e-05,4,0.3,0.001,2,256,0.0,0.0476190485060215,0.5,0.0476190485060215,1.0,0.0,0.09090909361839294,0.5126227736473083,0.5714285969734192,0.5375000238418579,0.0555555559694767,0.5,0.574999988079071,0.10000000149011612,0.5125974416732788,0.523809552192688,0.75,0.09090909361839294,1.0,0.5,0.1666666716337204
1e-05,4,0.5,0.0001,1,64,0.0,0.0476190485060215,0.5,0.0476190485060215,1.0,0.0,0.09090909361839294,0.509555995464325,0.1666666716337204,0.5625,0.054054055362939835,1.0,0.125,0.10256410390138626,0.510455310344696,0.5714285969734192,0.5375000238418579,0.0555555559694767,0.5,0.574999988079071,0.10000000149011612
1e-05,4,0.5,0.0001,1,128,0.0,0.0476190485060215,0.5,0.0476190485060215,1.0,0.0,0.09090909361839294,0.5285274386405945,0.9285714030265808,0.48750001192092896,0.0,0.0,0.9750000238418579,,0.5285274386405945,0.9285714030265808,0.48750001192092896,0.0,0.0,0.9750000238418579,
1e-05,4,0.5,0.0001,1,256,0.0,0.0476190485060215,0.5,0.0476190485060215,1.0,0.0,0.09090909361839294,0.5283997654914856,0.7142857313156128,0.8500000238418579,0.1428571492433548,1.0,0.699999988079071,0.25,0.5283997654914856,0.7142857313156128,0.8500000238418579,0.1428571492433548,1.0,0.699999988079071,0.25
1e-05,4,0.5,0.0001,2,64,0.0,0.0476190485060215,0.5,0.0476190485060215,1.0,0.0,0.09090909361839294,0.523125171661377,0.9047619104385376,0.7124999761581421,0.25,0.5,0.925000011920929,0.3333333432674408,0.523125171661377,0.9047619104385376,0.7124999761581421,0.25,0.5,0.925000011920929,0.3333333432674408
1e-05,4,0.5,0.0001,2,128,0.0,0.0476190485060215,0.5,0.0476190485060215,1.0,0.0,0.09090909361839294,0.5172237753868103,0.0476190485060215,0.5,0.0476190485060215,1.0,0.0,0.09090909361839294,0.5177340507507324,0.5,0.26249998807907104,0.0,0.0,0.5249999761581421,
1e-05,4,0.5,0.0001,2,256,0.5,0.738095223903656,0.38749998807907104,0.0,0.0,0.7749999761581421,,0.5000463724136353,0.761904776096344,0.4000000059604645,0.0,0.0,0.800000011920929,,0.5004079341888428,0.9523809552192688,0.5,,0.0,1.0,
1e-05,4,0.5,0.001,1,64,0.0,0.0476190485060215,0.5,0.0476190485060215,1.0,0.0,0.09090909361839294,0.5196675062179565,0.1428571492433548,0.550000011920929,0.05263157933950424,1.0,0.10000000149011612,0.10000000149011612,0.5200722217559814,0.1428571492433548,0.550000011920929,0.05263157933950424,1.0,0.10000000149011612,0.10000000149011612
1e-05,4,0.5,0.001,1,128,0.0,0.0476190485060215,0.5,0.0476190485060215,1.0,0.0,0.09090909361839294,0.515464723110199,0.9285714030265808,0.7250000238418579,0.3333333432674408,0.5,0.949999988079071,0.4000000059604645,0.5156053304672241,0.9285714030265808,0.48750001192092896,0.0,0.0,0.9750000238418579,
1e-05,4,0.5,0.001,1,256,0.0,0.0476190485060215,0.5,0.0476190485060215,1.0,0.0,0.09090909361839294,0.5104586482048035,0.8571428656578064,0.6875,0.1666666716337204,0.5,0.875,0.25,0.510534405708313,0.8571428656578064,0.6875,0.1666666716337204,0.5,0.875,0.25
1e-05,4,0.5,0.001,2,64,0.0,0.0476190485060215,0.5,0.0476190485060215,1.0,0.0,0.09090909361839294,0.49003303050994873,0.261904776096344,0.375,0.032258063554763794,0.5,0.25,0.06060606241226196,0.4904402792453766,0.5952380895614624,0.550000011920929,0.05882352963089943,0.5,0.6000000238418579,0.10526315867900848
1e-05,4,0.5,0.001,2,128,0.0,0.0476190485060215,0.5,0.0476190485060215,1.0,0.0,0.09090909361839294,0.5146838426589966,0.4285714328289032,0.4625000059604645,0.0416666679084301,0.5,0.42500001192092896,0.07692307978868484,0.5146838426589966,0.4285714328289032,0.4625000059604645,0.0416666679084301,0.5,0.42500001192092896,0.07692307978868484
1e-05,4,0.5,0.001,2,256,0.0,0.0476190485060215,0.5,0.0476190485060215,1.0,0.0,0.09090909361839294,0.5104914307594299,0.7142857313156128,0.375,0.0,0.0,0.75,,0.5106633901596069,0.7857142686843872,0.4124999940395355,0.0,0.0,0.824999988079071,
